-0.167106,0.0741684,-0.0558867
-0.242894,0.0201684,-0.0402132
0.617708,-0.10391,-0.254422
-0.211642,0.102709,-0.0509454
-0.127319,0.0315982,-0.0783245
-0.146608,0.26921,-0.0663756
-0.185427,0.0338928,-0.0529926
0.620931,-0.102535,-0.281169
0.0871149,-0.379165,-0.240081
-0.0559027,-0.0724846,-0.168185
-0.0896284,0.207493,-0.114135
-0.186894,0.135557,-0.0370071
0.59876,0.166163,-0.294083
-0.262706,0.0210093,-0.0305736
-0.191248,0.00782136,-0.0633659
-0.200522,0.265414,-0.0430959
-0.229114,0.110132,-0.0511296
-0.19373,0.0504165,-0.0581708
-0.118812,0.21673,-0.0888307
-0.0802366,0.0419881,-0.105516
0.175198,-0.0695665,-0.237491
0.436635,0.153039,-0.287198
-0.241192,0.068777,-0.0480314
-0.086248,0.0180286,-0.129332
-0.0882405,0.198549,-0.125096
0.637265,0.122005,-0.310848
-0.229773,0.259248,-0.02275
-0.152834,0.0906539,-0.0704486
-0.227601,0.0120234,-0.0410998
0.473932,0.105372,-0.256015
-0.0898134,-0.0719136,-0.171142
0.596433,0.121831,-0.290442
0.0670545,0.0875616,-0.190183
-0.146808,0.183583,-0.0651926
0.637195,0.168447,-0.324217
0.626134,0.110515,-0.293314
-0.0442201,0.0123652,-0.132519
-0.0327362,0.102577,-0.125419
-0.0326192,0.17159,-0.136555
-0.0981713,0.216487,-0.096999
-0.185799,0.0163612,-0.0442127
-0.286879,0.274731,-0.0441601
0.688963,0.103844,-0.281072
0.674531,0.122175,-0.333162
-0.0257615,0.266966,-0.136041
0.824881,0.0157355,-0.337248
-0.152708,0.112818,-0.0770461
0.551842,0.168169,-0.275332
-0.171626,0.0359253,-0.0732791
-0.190081,0.0808946,-0.0546738
0.44749,-0.0741184,-0.245243
-0.256648,0.00515446,-0.0323283
-0.112339,0.269692,-0.065483
0.884857,0.213243,-0.35693
0.760959,0.0205195,-0.298245
0.685432,0.0981151,-0.337636
0.610608,-0.0956711,-0.244844
-0.115042,0.282012,-0.0971203
-0.145996,0.141949,-0.0649112
-0.0378123,0.0800512,-0.145911
0.112575,0.166699,-0.194747
-0.249446,0.0652501,-0.018748
0.732599,-0.357302,-0.336973
0.67492,0.172018,-0.34839
0.164542,0.195299,-0.210129
0.0173783,0.272735,-0.161607
0.0122528,0.171973,-0.164271
0.440286,0.22475,-0.266069
-0.218268,-0.229284,-0.0588559
0.08068,0.116222,-0.209972
-0.108186,0.188486,-0.0889455
0.776172,-0.175107,-0.334528
0.47087,-0.0738067,-0.252444
0.174652,0.117859,-0.209597
0.821357,-0.35824,-0.375805
0.0578034,0.282509,-0.182298
0.175521,0.201685,-0.194617
0.108978,0.258736,-0.177168
0.0409475,0.112707,-0.162204
0.0472541,0.0925925,-0.212037
0.170433,0.215,-0.208341
-0.270147,0.13315,-0.0358753
0.214423,-0.0632052,-0.235625
0.0405651,0.189128,-0.152739
0.871384,0.0512403,-0.359539
-0.0174151,0.254211,-0.133286
0.434107,0.218533,-0.254492
-0.262428,0.234248,-0.00133637
0.0918695,0.200151,-0.188129
0.538105,0.168995,-0.2764
0.512275,0.228735,-0.284333
0.812856,0.0058301,-0.322708
-0.0647694,-0.244468,-0.154543
-0.0776703,0.272072,-0.105596
0.40353,0.131499,-0.223616
-0.117741,0.133216,-0.0646926
0.693082,0.11374,-0.350427
0.116254,0.250497,-0.190929
0.085514,0.190941,-0.203492
0.517628,0.239084,-0.260767
0.141397,0.256372,-0.188732
-0.236088,0.134368,-0.0309953
-0.116999,-0.264594,-0.14264
-0.223047,0.180199,-0.0297037
0.0990107,0.280195,-0.175357
0.698043,-0.196223,-0.305148
0.0846035,0.0877535,-0.203452
0.082769,-0.263359,-0.195875
-0.233602,-0.242752,-0.0746523
0.723267,-0.357347,-0.346975
0.0983268,-0.383465,-0.255617
-0.0557107,-0.131631,-0.151103
0.186906,0.0175393,-0.205867
0.686207,-0.084901,-0.263982
0.0924392,0.20197,-0.172973
0.171065,0.183787,-0.20602
-0.163254,0.215958,-0.0540917
0.756037,-0.357395,-0.347711
0.77192,0.0239038,-0.332106
-0.117037,-0.370514,-0.124072
0.690195,-0.206133,-0.294673
0.779411,-0.188392,-0.337941
-0.0956203,-0.360803,-0.103303
-0.0489007,-0.0133437,-0.166256
0.70143,-0.183995,-0.29403
-0.121096,-0.320142,-0.114761
0.725989,-0.1977,-0.326465
0.0979683,-0.319738,-0.222187
0.710138,-0.0847658,-0.284766
0.821352,-0.132209,-0.366808
0.0721698,-0.27849,-0.206998
-0.122452,-0.304961,-0.129197
-0.222962,-0.228,-0.089
0.172607,0.172865,-0.201002
-0.268037,0.211083,-0.0249938
0.818679,-0.120857,-0.362529
0.60902,0.112233,-0.294465
0.185644,-0.0848771,-0.212512
-0.16458,-0.0129714,-0.0698177
0.38243,0.053982,-0.29716
0.835327,-0.297734,-0.384905
0.720444,-0.189327,-0.312436
0.683604,0.234088,-0.31676
-0.253298,-0.0440023,-0.0281941
-0.227228,-0.00578944,-0.0568738
0.343576,0.0555904,-0.236071
-0.111344,-0.236922,-0.144423
0.71595,-0.210821,-0.320647
0.712869,-0.174202,-0.287478
-0.105119,-0.202264,-0.125264
0.812353,-0.12448,-0.352517
-0.20781,0.217406,-0.0566325
-0.202318,-0.027666,-0.0635704
-0.0982382,-0.355809,-0.145811
-0.134112,-0.335355,-0.12746
0.540015,0.146182,-0.257479
0.843892,-0.0732297,-0.395842
-0.17993,0.121273,-0.0542812
0.477408,-0.0979297,-0.128807
0.0185167,0.209354,-0.168913
0.809852,0.0618601,-0.321216
-0.0172958,0.191439,-0.130879
-0.0966951,0.264047,-0.0800798
-0.0765554,0.136102,-0.111367
0.0831636,-0.394647,-0.206202
0.0603003,-0.290035,-0.204804
-0.0833272,-0.0537331,-0.15816
0.737899,-0.342985,-0.330492
0.0648159,-0.379931,-0.186117
-0.0312576,-0.0139002,-0.164542
0.737169,-0.166077,-0.319017
0.00975007,0.206906,-0.147505
0.0733066,-0.359038,-0.224126
-0.227085,-0.0402148,-0.0763422
0.68833,0.259692,-0.322833
-0.0865118,-0.340619,-0.135916
0.794252,-0.261282,-0.35902
0.631358,-0.0903047,-0.322413
-0.264892,0.0353399,-0.0252299
0.722222,0.196986,-0.402863
-0.198294,-0.0343505,-0.0223888
-0.174655,0.20962,-0.0406549
-0.115981,-0.328543,-0.173436
0.770228,-0.189729,-0.340172
0.223171,0.114835,-0.215365
0.803896,-0.171581,-0.353723
-0.116541,-0.290283,-0.130958
0.719158,-0.199099,-0.286517
0.787967,-0.20453,-0.32844
-0.145888,-0.360234,-0.113791
0.71081,-0.210659,-0.294666
0.0803754,-0.324106,-0.221904
0.789307,-0.17508,-0.357331
-0.257668,-0.0104298,-0.0424388
0.751102,-0.185107,-0.333559
0.0794033,-0.142625,-0.209457
0.424328,-0.258458,-0.223598
-0.0454255,-0.183097,-0.152671
0.0269081,-0.360804,-0.2054
-0.0889424,-0.0191513,-0.157417
0.719326,0.147856,-0.359212
0.0845868,-0.128157,-0.208625
0.851747,0.0562614,-0.347523
0.791755,-0.330034,-0.353276
0.0266924,-0.248091,-0.21233
0.517323,0.120661,-0.299016
0.552923,0.141244,-0.260817
-0.14297,-0.279585,-0.112209
0.824828,0.258753,-0.379523
0.338335,-0.319005,-0.269216
0.733621,0.143421,-0.274441
0.487189,0.171166,-0.253512
-0.198422,-0.149063,-0.10123
0.810093,0.0471778,-0.303704
0.231195,0.0129377,-0.236878
0.814099,-0.204105,-0.354267
0.836293,0.264497,-0.392729
0.448666,0.0502849,-0.225705
-0.0839533,-0.278374,-0.157588
0.10536,-0.398508,-0.223219
-0.165894,0.128741,-0.0707592
0.509071,0.12039,-0.291523
0.754612,0.164455,-0.402785
0.0265433,-0.284398,-0.198001
0.849981,-0.109858,-0.394092
0.0212032,-0.082709,-0.215195
0.839977,-0.285778,-0.381654
0.439612,-0.172086,-0.178628
0.0497168,-0.259254,-0.209887
0.78853,0.00735588,-0.316457
-0.065353,-0.211898,-0.157107
-0.0181545,-0.195783,-0.134307
0.370974,-0.306246,-0.221203
0.802862,-0.199368,-0.349877
0.741657,-0.329247,-0.341978
0.105532,-0.315937,-0.243515
0.856053,0.020614,-0.359575
0.79634,0.18603,-0.301071
0.336261,-0.317918,-0.228028
0.026979,-0.126254,-0.196576
0.41838,0.0569738,-0.260451
0.0582117,-0.24893,-0.187194
0.751647,-0.274856,-0.321634
0.487142,0.18014,-0.303093
0.72517,-0.22904,-0.313392
0.712235,-0.223904,-0.313537
0.465397,0.0450236,-0.194418
-0.188205,-0.204373,-0.0675479
0.25557,-0.0816544,-0.243987
-0.122353,0.124571,-0.107668
-0.229818,-0.176004,-0.0783976
0.030325,-0.0420393,-0.178412
0.346542,-0.22174,-0.289384
-0.119754,-0.233083,-0.127653
0.101849,-0.129224,-0.199869
-0.0984301,-0.306122,-0.150641
0.640922,0.0204115,-0.313058
0.0602143,-0.189163,-0.186686
0.0477152,-0.0708301,-0.202943
-0.17718,-0.186851,-0.118137
-0.0780249,-0.301186,-0.143033
-0.0832348,-0.310485,-0.153371
0.815152,0.195561,-0.390472
0.0328386,-0.0757329,-0.00541645
0.78717,-0.316094,-0.362143
0.0245701,-0.248922,-0.19621
0.216492,-0.000660319,-0.236962
0.836654,-0.112258,-0.355232
0.0769116,-0.343831,-0.198867
0.765812,-0.258128,-0.349744
0.773399,-0.279882,-0.358881
0.345077,-0.33778,-0.294223
0.488624,-0.0503522,-0.254612
-0.237679,-0.186869,-0.0733334
0.361325,-0.0201497,-0.235632
0.844568,0.217324,-0.346206
-0.239119,0.0387237,-0.0331883
0.330101,0.0585102,-0.235694
0.769227,0.210038,-0.295624
0.480941,0.0312136,-0.329938
0.413518,-0.336764,-0.256918
0.540669,0.272348,-0.315712
0.769282,0.0501658,-0.325367
-0.198505,-0.128329,-0.0984154
-0.0337539,0.0686469,-0.177285
0.674619,0.010792,-0.250279
-0.0357653,-0.135155,-0.169254
0.864819,-0.0283958,-0.379479
0.27092,-0.0943563,-0.227643
0.800477,0.00882712,-0.456016
0.788944,-0.229266,-0.367165
0.523646,0.0174401,-0.24612
0.833333,-0.0300781,-0.348606
0.0376362,-0.304693,-0.194513
0.781558,0.213769,-0.27287
0.81197,-0.230265,-0.364082
0.12127,-0.279297,-0.21969
0.804164,-0.112071,-0.343983
-0.227795,-0.029806,-0.0224665
0.754858,-0.283947,-0.322124
0.717959,-0.356146,-0.297234
-0.0791785,-0.237098,-0.0176948
0.216052,-0.00959709,-0.237574
-0.23802,0.0423727,-0.0628462
-0.00335193,0.0212228,-0.158996
0.269356,0.00881225,-0.22081
0.824514,-0.107482,-0.354138
0.171685,-0.359656,-0.247767
-0.242693,0.207207,-0.0214183
0.375264,0.0934196,-0.216963
0.252941,-0.0562156,-0.20048
0.475384,0.266161,-0.274925
-0.214801,-0.261709,-0.0157187
0.185822,-0.0100956,-0.209124
0.705956,-0.35676,-0.328509
0.77845,-0.297006,-0.360062
0.736766,-0.1068,-0.311532
-0.189002,-0.172849,-0.107005
0.339661,-0.0387958,-0.239679
0.504797,0.171256,-0.260295
0.378018,-0.246894,-0.257888
0.0735233,-0.0823924,-0.204097
0.569619,-0.00161684,-0.278397
0.403057,-0.335959,-0.260343
0.716698,0.250393,-0.33113
0.398604,-0.21035,-0.296758
0.740773,0.220059,-0.334533
-0.0181911,-0.0445127,-0.161003
0.841602,-0.230472,-0.347398
0.62162,0.0106108,-0.290511
0.352614,0.181007,-0.242008
0.436011,-0.313843,-0.218922
-0.231294,0.0348883,-0.0505533
0.783541,-0.349085,-0.379575
-0.0907947,-0.289525,-0.171605
0.255418,-0.0496179,-0.224189
-0.141049,-0.238872,-0.110249
0.74026,0.00159506,-0.262787
-0.120934,0.126563,-0.122544
0.420624,-0.044196,-0.25889
0.221448,-0.0320191,-0.218401
-0.163666,-0.27848,-0.0946941
0.366286,-0.352158,-0.264816
-0.0217675,-0.210278,-0.12075
0.368556,-0.245884,-0.345355
0.121274,0.111854,-0.207848
-0.230162,-0.381061,-0.0972885
0.401484,-0.305679,-0.245272
0.0805528,-0.0753221,-0.181968
0.0783234,-0.204997,-0.184026
0.327515,0.00273087,-0.2044
0.349951,-0.319793,-0.278278
0.409303,-0.231238,-0.322669
0.620648,0.231282,-0.363194
0.378867,0.221598,-0.242646
0.252461,0.150403,-0.215865
0.474053,-0.27741,-0.265934
0.252715,-0.292683,-0.275523
0.254634,-0.302818,-0.251793
-0.208984,0.21223,-0.018538
0.336121,0.176673,-0.369343
0.317071,0.0745558,-0.198622
0.185193,0.0549769,-0.246804
0.303741,-0.0295747,-0.234883
0.440175,-0.0380917,-0.243575
-0.0830721,-0.0667637,-0.0795466
0.166925,-0.142271,-0.163831
-0.262699,-0.250314,-0.0793341
0.353972,-0.255843,-0.377712
-0.113704,-0.293624,-0.133226
-0.0168159,-0.282532,-0.198571
0.0774232,-0.29047,-0.273436
0.318442,-0.282216,-0.243371
0.709489,-0.336066,0.562026
0.728274,0.225964,-0.22444
0.109673,0.274188,-0.156554
0.74848,0.204135,-0.260975
0.813821,0.205668,-0.299119
-0.0101244,0.279838,-0.144371
0.0217268,0.273801,-0.143295
0.0560997,0.281289,-0.190065
0.632949,0.214956,-0.278192
0.693104,0.201968,-0.24892
-0.0096683,0.259757,-0.0926048
0.0942813,0.266853,-0.223441
-0.205945,0.268441,-0.0523476
0.44593,0.207299,-0.198719
0.795587,0.182142,-0.296918
-0.229493,0.251023,-0.00663906
0.263701,0.219576,-0.184462
0.737965,0.169371,-0.254646
-0.12708,0.226516,-0.113321
0.224991,0.202813,-0.239989
0.563937,0.152704,-0.189665
0.619117,0.147501,-0.193865
0.650523,0.146593,-0.19881
0.687952,0.145851,-0.221435
0.763597,0.146448,-0.290741
-0.16314,0.206534,-0.0297702
0.176832,0.189383,-0.180916
0.491598,0.157259,-0.212835
0.756046,0.132337,-0.229441
-0.0879641,0.192915,-0.125106
-0.0239358,0.188585,-0.147011
0.0307914,0.18537,-0.167518
0.105055,0.17572,-0.160548
0.563105,0.125807,-0.184929
-0.246875,0.191891,-0.0591639
-0.192367,0.184918,-0.0642985
-0.154463,0.183846,-0.07758
0.384544,0.14509,-0.22964
0.420203,0.132241,-0.184098
-0.275466,0.178974,-0.0266256
0.23445,0.157824,-0.267235
0.284874,0.148803,-0.254675
0.341223,0.145318,-0.258745
0.632678,0.100482,-0.195602
0.528913,0.102779,-0.187176
0.579883,0.0962505,-0.174949
0.579414,0.0761204,-0.166464
-0.189905,0.129517,-0.0357812
-0.0840467,0.129886,-0.109953
0.236377,0.104602,-0.166845
0.632366,0.0691336,-0.198814
0.102657,0.10786,-0.161818
0.109011,0.112426,-0.196076
0.157222,0.0958531,-0.110579
0.144827,0.115414,-0.235767
0.171977,0.109915,-0.216824
0.361801,0.097046,-0.278869
0.811557,0.057881,-0.310063
-0.20465,0.118706,-0.0876514
-0.0955861,0.11153,-0.115091
0.00897474,0.105379,-0.214971
-0.132938,0.0853669,-0.0505125
-0.0320279,0.0873549,-0.135107
0.0808492,0.0797648,-0.158277
0.155187,0.0793369,-0.210126
0.35546,0.0520015,-0.216592
0.412556,0.047286,-0.211037
0.760404,0.0188575,-0.305604
-0.240163,0.0651015,-0.0422257
0.668621,0.00696765,-0.231608
0.739589,0.00682485,-0.277535
0.791593,0.0100265,-0.322357
0.514335,0.00606012,-0.183571
-0.212733,0.0401533,-0.0304609
-0.0962299,0.0443847,-0.134117
0.41853,0.0147886,-0.243816
-0.264612,0.0331493,-0.0419252
0.171538,0.0271233,-0.261484
0.34338,0.00971641,-0.22576
-0.104003,0.0250861,-0.150688
-0.00860761,0.0194616,-0.152454
0.325944,-0.000158779,-0.221456
-0.191499,0.0056124,-0.0134565
-0.0407098,0.00770611,-0.12571
0.36142,-0.0221445,-0.218217
0.408952,-0.0245342,-0.235573
-0.219837,-0.0125648,-0.00449044
0.222605,-0.0212874,-0.223512
0.204359,-0.0357489,-0.156121
0.340747,-0.0370016,-0.255563
0.514437,-0.0645764,-0.173625
0.683843,-0.0691213,-0.266926
-0.216407,-0.0399824,-0.0400939
-0.0143449,-0.0411827,-0.159602
0.0241241,-0.0395114,-0.196533
0.0601009,-0.0376137,-0.180068
-0.237467,-0.0460644,-0.0277289
0.216477,-0.0591203,-0.237068
0.336017,-0.068722,-0.235686
0.465841,-0.0685844,-0.316896
0.174599,-0.0647898,-0.25245
0.476244,-0.0897662,-0.195714
-0.217413,-0.0684164,-0.057924
-0.0845383,-0.0694318,-0.128864
-0.0531012,-0.0692533,-0.154363
0.0939873,-0.0863262,-0.190495
0.745,-0.111603,-0.310594
0.0311996,-0.0898828,-0.180171
-0.242158,-0.100348,-0.00126113
-0.0918732,-0.116281,-0.162379
-0.0376243,-0.1176,-0.158488
0.0443897,-0.122328,-0.167288
-0.197642,-0.125986,-0.10487
0.258976,-0.141247,-0.234425
-0.0512569,-0.139634,-0.136102
0.0466451,-0.144759,-0.128212
0.0737647,-0.143097,-0.303393
0.435835,-0.166454,-0.197001
0.718313,-0.171279,-0.305416
0.744256,-0.173053,-0.288623
0.778848,-0.17306,-0.324832
-0.439206,-0.132229,-0.412794
-0.209659,-0.152076,-0.126192
-0.214452,-0.177062,-0.0689876
-0.10425,-0.177806,-0.141481
0.720588,-0.198917,-0.277254
0.725053,-0.194017,-0.364903
-0.180445,-0.190342,-0.0651848
-0.194662,-0.186418,-0.148186
-0.0312928,-0.191804,-0.160702
0.0649826,-0.189437,-0.178985
0.798912,-0.207682,-0.352895
0.71379,-0.21506,-0.267095
-0.266001,-0.200204,-0.0581757
-0.105995,-0.205238,-0.136721
-0.0221433,-0.21094,-0.140789
0.766566,-0.223307,-0.343496
-0.220634,-0.217903,-0.0611067
0.363405,-0.225566,-0.237387
0.418839,-0.235187,-0.226232
0.752435,-0.242397,-0.310869
-0.048968,-0.23851,-0.126132
0.336154,-0.243078,-0.265184
-0.227129,-0.245019,-0.087568
0.374673,-0.250326,-0.262618
0.367241,-0.246625,-0.355653
-0.143613,-0.253422,-0.152182
0.0480398,-0.26102,-0.172145
0.42687,-0.260674,-0.214968
-0.232098,-0.266806,-0.0538747
-0.109004,-0.266861,-0.11998
0.0750047,-0.265209,-0.19893
0.726421,-0.27302,-0.324794
-0.0833125,-0.275208,-0.157652
0.490565,-0.280392,-0.189199
0.793088,-0.282967,-0.358481
-0.198711,-0.28538,-0.100527
-0.178026,-0.281681,-0.106996
-0.0877819,-0.286092,-0.0877291
0.0141954,-0.285462,-0.224711
0.0474101,-0.286588,-0.241003
0.38091,-0.291057,-0.224323
0.0924713,-0.297961,-0.225123
0.77474,-0.299627,-0.358399
0.40166,-0.306422,-0.241169
0.727745,-0.309625,-0.295116
-0.135543,-0.316561,-0.103217
0.0271056,-0.314217,-0.183916
0.340276,-0.315873,-0.280173
0.784172,-0.328159,-0.348242
-0.108179,-0.335277,-0.11137
0.746802,-0.334048,-0.311341
-0.0933678,-0.344478,-0.152936
0.0550016,-0.344954,-0.189437
0.350685,-0.343947,-0.271398
0.399862,-0.338827,-0.252994
-0.146612,-0.354528,-0.124687
0.680831,-0.35366,-0.319759
0.70357,-0.352729,-0.317479
0.759958,-0.351994,-0.323461
-0.0744423,-0.361027,-0.00658064
0.0178714,-0.365069,-0.205175
0.404527,-0.365463,-0.252563
0.0906147,-0.373859,-0.21914
0.0557966,-0.393973,-0.259734
0.645995,0.208606,-0.197359
0.617546,0.144948,-0.191132
0.671898,0.146159,-0.226923
0.728831,0.147446,-0.290736
0.642695,0.0977956,-0.148433
0.707354,-0.355841,-0.347374
0.310928,0.238724,-0.321065
0.0164458,0.113611,-0.126351
0.274628,0.000701099,-0.263162
0.250908,-0.303406,-0.264821
0.148285,-0.358803,-0.294064
0.0494342,-0.04162,-0.201258
-0.00669032,0.273066,-0.144783
0.095344,0.187796,-0.213007
-0.0407657,0.191867,-0.181467
0.0270075,0.174879,-0.148663
-0.123872,0.121998,-0.171275
-0.0514703,0.0999918,-0.221541
-0.0212291,-0.320226,-0.16173
-0.0774772,-0.0784445,-0.0999231
-0.00841723,-0.146167,-0.0429357
0.216934,0.068487,-0.238412
0.227205,0.0627663,-0.245597
0.128854,0.0676336,-0.22243
-0.108809,-0.0742463,-0.119941
0.261409,-0.297499,-0.237859
0.153395,-0.358867,-0.280581
0.570854,0.213837,-0.261048
0.419973,0.174929,-0.158469
-0.0209805,0.00178967,-0.168856
-0.0755941,-0.0161766,-0.149346
0.0129999,-0.122842,-0.0375769
0.598004,0.172442,-2.42897
0.80132,-0.126563,-0.34495
0.868828,-0.167128,-0.386626
0.779832,-0.258757,-0.0519669
0.934588,0.243327,-0.378831
1.00565,0.209187,-0.407713
1.02021,0.186465,-0.416867
0.97201,0.125447,-0.515731
0.924517,0.0892413,-0.380216
0.921989,0.0589178,-0.410147
0.921493,0.0213979,-0.396556
0.923104,-0.0311671,-0.421605
0.917298,-0.0554698,-0.410545
0.92083,-0.0818388,-0.428072
0.967313,-0.083586,-0.474535
0.935,-0.0902497,-0.435749
0.904527,-0.144015,-0.416521
0.922938,-0.148279,-0.432087
0.889985,-0.159368,-0.391396
0.903758,-0.165557,-0.409652
0.922236,-0.163574,-0.438264
0.940228,-0.16346,-0.452193
0.955977,-0.163227,-0.456544
0.899542,-0.18285,-0.407409
0.963766,-0.184583,-0.45863
0.968447,-0.210073,-0.481387
0.906638,-0.274995,-0.417999
0.921492,-0.285386,-0.446092
0.895684,-0.289081,-0.421106
0.906864,-0.288652,-0.43262
0.916283,-0.304775,-0.448401
0.927584,0.246861,-0.389406
0.879587,0.205245,-0.329924
1.01495,0.194586,-0.42308
0.840409,0.152509,-0.195555
0.239854,0.160445,-0.255467
0.252332,0.158095,-0.247508
0.993528,0.136727,-0.418937
0.921078,0.107658,-0.390581
0.921536,0.0561435,-0.382032
0.771934,0.0167819,-0.271164
0.919672,0.0251366,-0.406853
0.525312,0.0115797,-0.197331
0.667704,0.0071745,-0.232982
0.743025,0.00768208,-0.27403
0.822217,0.0153233,-0.354982
0.43191,0.0189701,-0.270945
0.313364,0.00992753,-0.262843
0.388295,0.000162713,-0.223809
0.586188,-0.0135812,-0.181391
0.885926,-0.0118771,-0.424423
0.22412,-0.0202129,-0.21847
0.310068,-0.0199581,-0.325896
0.406564,-0.0260466,-0.243373
0.830128,-0.0319017,-0.375596
0.358564,-0.041909,-0.217606
0.403294,-0.0256897,-0.424559
0.915943,-0.0535248,-0.430058
0.680791,-0.0716644,-0.282019
0.2179,-0.062288,-0.266195
0.366679,-0.067362,-0.272028
0.441347,-0.0752711,-0.233118
0.49192,-0.0775029,-0.221597
0.166971,-0.0698899,-0.251328
0.472078,-0.0885713,-0.191561
0.96964,-0.0874034,-0.472833
0.22882,-0.0776911,-0.314934
0.829328,-0.145815,-0.32768
0.955516,-0.129022,-0.591276
0.987808,-0.137182,-0.537413
0.935342,-0.162292,-0.467448
0.707042,-0.168664,-0.339865
0.738801,-0.171651,-0.321319
0.77813,-0.171458,-0.344071
0.898998,-0.180853,-0.433203
0.924527,-0.152195,-1.01261
0.876812,-0.193221,-0.41852
0.798005,-0.205737,-0.328586
0.712133,-0.213411,-0.282415
0.92966,-0.192851,-0.958313
0.879076,-0.222143,-0.392542
0.77,-0.234553,-0.30721
0.934982,-0.231995,-0.469533
0.793442,-0.278637,-0.34504
0.838677,-0.285349,-0.3676
0.923987,-0.285701,-0.43084
0.835922,-0.302817,-0.385753
0.795346,-0.318768,-1.22603
0.803477,-0.358302,-0.407996
0.379815,-0.37246,-0.324145
-0.0216947,-0.394603,-0.220973
-0.01244,0.276764,-0.140679
0.916338,0.175632,-0.0773271
0.313046,0.228819,-0.245323
0.328442,0.193935,-0.124693
0.972466,-0.320673,2.15159
0.801283,-0.239524,1.0059
1.06446,0.201095,-0.44841
1.22754,0.065324,-0.579343
1.29555,-0.0533986,-0.409978
0.983213,0.248046,-0.367948
0.997834,0.268108,-0.481131
0.982762,0.246689,-0.38523
1.25842,0.253728,-0.516344
1.13672,0.252008,-0.481683
1.27312,0.249082,-0.52403
0.98548,0.223694,-0.390759
1.09381,0.225051,-0.467459
1.29064,0.228701,-0.570739
1.2934,0.224221,-0.554162
1.35895,0.224902,-0.579187
1.10526,0.215621,-0.474399
1.39509,0.222706,-0.605592
1.4921,0.225613,-0.648012
1.38102,0.218101,-0.598126
1.43863,0.216446,-0.609237
1.08353,0.209194,-0.473343
1.26131,0.202811,-0.520614
1.28813,0.211249,-0.554154
1.096,0.197417,-0.449083
1.44965,0.215102,-0.652626
1.27057,0.202177,-0.548693
1.28435,0.199186,-0.559215
1.3756,0.201176,-0.595252
1.49559,0.194399,-0.658528
1.37189,0.189075,-0.610292
1.26585,0.181783,-0.558732
1.09798,0.173212,-0.470585
1.35669,0.177192,-0.590977
1.3191,0.17367,-0.579232
1.09498,0.159863,-0.481484
1.18993,0.165547,-0.539432
1.36756,0.162145,-0.588151
1.08114,0.14942,-0.440467
1.11185,0.153803,-0.474035
1.15342,0.149324,-0.492876
1.28979,0.154032,-0.565409
1.31582,0.153479,-0.571973
1.28974,0.146848,-0.571702
1.31604,0.145959,-0.572572
1.15301,0.140897,-0.518147
1.33693,0.14125,-0.581017
1.1107,0.135067,-0.494765
1.30451,0.135238,-0.562184
0.99232,0.123096,-0.401741
1.16975,0.133133,-0.526144
1.10168,0.126014,-0.491057
0.810629,0.113165,-0.331918
1.34632,0.127823,-0.611855
1.36196,0.124274,-0.596974
1.29335,0.115262,-0.574855
1.07477,0.109967,-0.48981
1.27178,0.113126,-0.575236
1.3444,0.108281,-0.601497
1.15932,0.10361,-0.524985
1.08342,0.0965161,-0.478804
1.26307,0.10186,-0.588171
1.29271,0.0989106,-0.578734
1.36502,0.0938534,-0.609624
1.28022,0.0955674,-0.58754
1.31368,0.0967037,-0.596043
1.25892,0.0939314,-0.591247
1.3103,0.0805315,-0.515455
1.36437,0.08634,-0.609569
1.25884,0.0739683,-0.547468
1.06997,0.0699909,-0.484066
1.18013,0.0728247,-0.547091
1.20562,0.0698135,-0.56555
1.17396,0.056794,-0.518998
1.13864,0.0560645,-0.513903
1.06554,0.0480239,-0.497112
1.07672,0.0475663,-0.485926
1.16571,0.0513944,-0.53922
0.984027,0.0429627,-0.445066
1.07815,0.0362056,-0.512297
1.20568,0.0343668,-0.547898
1.36425,0.037143,-0.637547
1.36229,0.0218792,-0.630373
1.37579,-0.000215504,-0.643055
1.25419,-0.014933,-0.558492
1.4706,-0.0141062,-0.654489
1.21288,-0.0193732,-0.573102
1.24771,-0.0180047,-0.592629
1.42173,-0.0748773,-0.417935
1.35258,-0.0806403,-0.402671
1.31105,-0.083758,-0.396108
1.33783,-0.0862146,-0.381443
1.40743,-0.0984772,-0.414317
1.31029,-0.099092,-0.401442
1.33409,-0.0998049,-0.407324
1.35688,-0.10454,-0.402666
1.42408,-0.102988,-0.418513
1.28866,-0.102311,-0.404557
1.34429,-0.103029,-0.409495
1.3698,-0.104913,-0.406199
1.32294,-0.116575,-0.386892
1.36239,-0.11272,-0.443738
1.29895,-0.11978,-0.404
1.3343,-0.120953,-0.387986
1.12804,-0.110893,-0.46416
1.13725,-0.112095,-0.446591
1.31028,-0.124185,-0.403408
1.12775,-0.117815,-0.495914
1.1154,-0.138845,-0.241879
1.35811,-0.137267,-0.410511
1.26933,-0.154591,-0.196597
1.10596,-0.155525,-0.153188
1.1298,-0.157265,-0.486226
1.34901,-0.174711,-0.422755
1.42578,-0.181282,-0.423775
1.04512,-0.169309,-0.516717
1.35952,-0.182722,-0.424649
1.35441,-0.195481,-0.422907
1.33222,-0.207412,-0.42061
1.16109,-0.221601,-0.380781
1.00812,-0.22205,-0.479218
1.17047,-0.228238,-0.390003
1.31413,-0.230125,-0.409181
1.30615,-0.235842,-0.234173
1.28187,-0.238638,-0.401883
1.29503,-0.238198,-0.42244
1.32227,-0.254209,-0.426757
1.13299,-0.277298,-0.126676
1.31477,-0.277536,-0.416229
1.03369,-0.275451,-0.49886
1.04264,-0.280185,-0.51343
1.0217,-0.289337,-0.224635
1.10491,-0.297884,-0.543322
1.29303,-0.339763,-0.424052
1.09759,-0.348841,-0.540128
1.12587,-0.348988,-0.501877
1.36386,-0.347901,-0.438287
1.1036,-0.353383,-0.43893
1.30858,-0.359759,-0.410181
1.0718,-0.365327,-0.556865
0.919435,-0.366535,-0.451124
1.29761,-0.366325,-0.378561
1.01375,-0.370314,-0.492271
1.05319,-0.380673,-0.514764
1.30228,-0.378766,-0.402224
1.31422,-0.38331,-0.416832
1.12296,-0.392245,-0.465617
1.30674,-0.390506,-0.413113
1.31381,-0.402542,-0.393985
1.28409,-0.406219,-0.41216
1.30246,-0.40993,-0.417976
1.27984,-0.421382,-0.392155
1.35598,-0.430421,-0.423746
1.12114,-0.448559,-0.435612
1.18489,0.197865,-0.232254
1.15095,0.237809,-0.464832
1.39931,0.246878,-0.579479
1.49034,0.253384,-0.632417
1.13328,0.240441,-0.497766
1.2963,0.232682,-0.560943
1.49608,0.242864,-0.677481
1.35874,0.225632,-0.591779
1.39749,0.219887,-0.578113
1.37473,0.215698,-0.593328
1.09778,0.194474,-0.438174
1.12359,0.192844,-0.432573
1.17343,0.202356,-0.505223
1.26616,0.183036,-0.538805
1.36352,0.188338,-0.595629
1.47737,0.188051,-0.634784
1.34648,0.183218,-0.59537
1.32046,0.170571,-0.575973
1.37123,0.161526,-0.60184
1.29273,0.156566,-0.593325
1.15306,0.138728,-0.498283
1.34462,0.144561,-0.595818
1.1137,0.139814,-0.534748
1.30733,0.136975,-0.585093
1.06846,0.102673,-0.416662
1.09379,0.112322,-0.468045
1.25985,0.11117,-0.522582
1.30099,0.107997,-0.519105
1.08319,0.0911739,-0.44781
1.26427,0.100371,-0.57929
1.29526,0.08839,-0.552593
1.36823,0.0861559,-0.6194
1.20622,0.0776831,-0.595218
1.26435,0.0789737,-0.59974
1.36488,0.0679719,-0.623474
1.07487,0.0505582,-0.459597
1.15332,0.0590821,-0.557983
1.32677,0.038324,-0.651114
1.36351,0.04292,-0.672912
1.32665,0.0359268,-0.726723
1.3237,0.0224126,-0.650131
1.37571,0.024102,-0.650729
1.25965,0.00871275,-0.604348
1.00263,-0.00731517,-0.443935
1.03894,-0.00652878,-0.47776
1.42152,-0.00210891,-0.694407
1.21518,-0.0159492,-0.560445
1.24308,-0.00686095,-0.653337
1.47416,-0.0194451,-0.630271
1.35891,-0.0767792,-0.420195
1.42306,-0.0778357,-0.446397
1.1833,-0.095495,-0.406854
1.28942,-0.0945894,-0.472552
1.42626,-0.102844,-0.435992
0.615289,-0.102701,-0.182577
1.12979,-0.110273,-0.476322
0.622645,-0.122782,-0.243242
1.38609,-0.134279,-0.416985
1.34722,-0.14185,-0.401285
1.1336,-0.148844,-0.578575
1.10441,-0.169407,-0.523563
1.36534,-0.181379,-0.423482
1.43205,-0.181148,-0.459363
1.3519,-0.19681,-0.395438
1.14922,-0.219483,-0.446235
1.161,-0.219346,-0.421011
1.17592,-0.226248,-0.40518
1.32527,-0.228928,-0.410148
1.28339,-0.235216,-0.443834
1.29933,-0.235803,-0.455582
1.31507,-0.270204,-0.404771
1.1488,-0.278825,-0.468975
1.03185,-0.285191,-0.492099
1.17215,-0.289133,-0.427011
1.10552,-0.295483,-0.512254
1.29771,-0.345828,-0.426523
1.36428,-0.346156,-0.437015
1.10739,-0.352994,-0.481961
1.12254,-0.353391,-0.492353
1.06917,-0.371226,-0.546115
1.11609,-0.389639,-0.525667
1.30885,-0.392641,-0.435387
1.28544,-0.417516,-0.428897
1.35144,-0.425235,-0.432879
1.12516,-0.44579,-0.444845
-0.158718,0.249512,-0.0111477
1.49532,0.259419,-0.669554
0.918621,0.045714,-0.322084
1.02998,-0.011411,-0.455459
1.11843,-0.128483,-0.522461
1.15138,-0.201728,-0.432594
1.10931,-0.188991,-0.455398
1.18013,-0.224077,-0.4155
1.23592,-0.231457,-0.303843
1.28135,-0.269716,-0.398341
1.02658,-0.282696,-0.474296
1.1519,-0.297374,-0.471061
1.2991,-0.348203,-0.495407
1.35305,-0.348031,-0.445604
0.0767367,0.0205375,-0.189586
1.00575,-0.13759,-0.486368
0.464552,-0.318286,-0.281232
-0.0483998,-0.353726,-0.171641
0.620448,-0.136944,-0.259827
1.34921,-0.363501,-0.438231
1.23011,-0.447955,-0.46202
0.448925,0.210221,-0.191977
1.12527,0.205501,-0.463068
1.3792,0.220482,-0.636162
1.31468,0.188365,-0.574132
1.37002,0.180446,-0.595514
1.31145,0.151129,-0.553622
1.36963,0.15791,-0.597677
1.33488,0.142586,-0.577919
1.081,0.0980334,-0.510954
1.37144,0.057401,-0.722341
1.37381,0.0107025,-0.658954
1.40267,-0.00345153,-0.644151
1.3656,-0.0802699,-0.406505
1.41865,-0.0817589,-0.419678
1.28114,-0.0949575,-0.462391
1.44916,-0.122252,-0.459925
1.43415,-0.178186,-0.487497
1.35341,-0.200818,-0.424551
1.29728,-0.349944,-0.444408
1.35172,-0.351686,-0.466962
1.32823,-0.385372,-0.659154
1.29022,-0.414133,-0.49703
1.35079,-0.423262,-0.487355
1.4815,0.190053,-0.633803
1.20436,0.0807337,-3.19256
0.614254,-0.151132,-0.272382
1.1475,-0.195599,-0.423151
1.18231,-0.21726,-0.362419
0.458019,0.13154,-0.294588
1.36575,-0.192556,-0.500092
1.24028,-0.247493,0.177683
1.30511,-0.23698,-0.457258
1.35322,-0.387129,-0.645752
0.574683,-0.185168,0.893655
0.595641,-0.393507,-0.151259
0.87959,0.0976078,-0.371951
1.27775,-0.0998406,-0.454218
0.739554,-0.107663,-0.285445
0.739897,-0.17124,-0.281231
0.765278,0.0602796,-0.138627
0.621563,-0.421935,-0.208856
0.843375,0.131894,-0.374781
1.17676,-0.17463,-0.377729
1.26271,-0.286836,-0.512061
0.640506,0.213795,-0.200396
0.56411,0.0409747,-0.156909
0.562295,0.0353716,-0.161537
1.12835,-0.446056,-0.482782
0.905359,0.242515,-0.564538
0.463981,0.131677,-0.160808
0.464346,0.118526,-0.173221
0.49545,0.114723,-0.169609
0.469878,0.106805,-0.150831
0.494683,0.0863803,-0.148394
0.471268,0.0809818,-0.159356
1.83605,0.119547,-0.256057
1.7668,0.152133,-0.668923
1.79585,0.122087,-0.498942
1.70965,0.0364379,-0.515031
2.28256,0.00100467,-1.59856
1.28201,-0.253148,1.04031
1.9153,0.162924,0.129877
1.92876,0.151021,0.099137
1.88241,0.177391,-0.0309169
1.92205,0.13568,0.102775
1.97372,0.191607,-0.141633
1.8523,0.194699,-0.180858
1.85312,0.183632,-0.133275
1.88014,0.164077,-0.0497223
1.88887,0.1587,-0.0387191
1.95568,0.266122,-0.573296
1.89108,0.142685,-0.0465797
1.86105,0.222455,-0.43223
1.83121,0.18185,-0.241006
1.87759,0.138726,-0.0458475
1.86682,0.148405,-0.119213
1.80987,0.183642,-0.302164
1.83933,0.188923,-0.334772
1.91882,0.107056,0.0490281
1.81637,0.165668,-0.265485
1.82603,0.157602,-0.253537
1.90521,0.108664,-0.0145299
1.84097,0.146266,-0.211456
1.91008,0.0883962,0.0493733
1.81991,0.17338,-0.403926
1.83884,0.176928,-0.417147
1.93032,0.101253,-0.0436796
1.76173,0.192211,-0.54706
1.80487,0.189468,-0.542211
1.81212,0.172246,-0.438798
1.76365,0.198254,-0.614643
1.80183,0.170732,-0.454967
1.8298,0.152188,-0.377925
1.79729,0.18579,-0.568774
1.92072,0.06405,0.0556728
1.91235,0.0657697,0.0293549
1.92184,0.0580891,0.0225353
1.93157,0.0503231,0.056073
1.78074,0.172841,-0.660088
1.92263,0.0438322,0.0487217
1.90522,0.0466444,0.0148807
1.90665,0.0440628,0.0309637
1.90196,0.0479825,-0.0180234
1.79029,0.150387,-0.626847
1.85982,0.0905389,-0.290706
1.77568,0.160436,-0.713693
1.95237,0.0534589,-0.160602
1.89427,0.0299446,-0.0018339
1.81069,0.0991215,-0.452786
1.92186,0.0100434,0.0821165
1.91937,-0.00785111,0.101618
1.88662,0.0163349,-0.0577747
1.91348,-0.00703256,0.0804642
1.88363,0.000495805,-0.0546493
1.83413,0.024575,-0.231428
1.84747,0.0169736,-0.191113
1.9132,-0.0283459,0.102998
1.92875,-0.0278444,0.0957838
1.79977,0.0746399,-0.639327
1.81073,0.033909,-0.386886
1.83666,0.00811891,-0.211199
1.93611,-0.0303281,0.0558278
1.8679,-0.0234061,-0.0291882
1.92546,-0.0388644,0.0341723
1.82545,0.025854,-0.436822
1.7725,0.0624341,-0.752791
1.77563,0.0604051,-0.705756
1.92395,-0.048654,0.0283467
1.77242,0.0344983,-0.760771
1.80488,0.0180571,-0.631714
1.8311,-0.0265057,-0.265168
1.79281,0.0275582,-0.743126
1.83751,-0.0156228,-0.385633
1.82325,0.0281647,-0.78603
1.78036,0.00641977,-0.704549
1.79636,-0.00176825,-0.63818
1.8498,-0.030684,-0.384007
1.7986,0.00665798,-0.846214
1.73393,-0.0282131,-0.735571
1.84477,-0.0677761,-0.439701
1.85119,-0.0767429,-0.340519
1.82252,-0.101361,-0.273432
2.11737,-0.0446059,-1.07992
1.86237,-0.11186,-0.325241
1.81781,-0.105362,-0.451546
1.82564,-0.136322,-0.217699
1.81055,-0.103115,-0.657918
1.81337,-0.116779,-0.456362
1.79229,-0.123363,-0.613138
1.77975,-0.124168,-0.661266
1.79607,-0.14898,-0.393021
1.92146,-0.181355,0.00401109
1.95142,-0.176158,-0.0945604
1.79482,-0.135018,-0.727664
1.81089,-0.158808,-0.411983
1.85658,-0.150606,-0.526835
1.84943,-0.154115,-0.472916
1.86742,-0.18083,-0.120949
1.86111,-0.164198,-0.529337
1.76533,-0.15516,-0.882255
1.86437,-0.19459,-0.14302
1.87243,-0.20191,-0.0967385
1.88581,-0.204695,-0.0556696
1.93275,-0.212589,0.0442908
1.75853,-0.16528,-0.80701
1.85665,-0.197655,-0.247176
1.79197,-0.189323,-0.486717
1.88354,-0.211514,-0.101437
1.86986,-0.207249,-0.325793
1.87157,-0.208217,-0.401004
1.87496,-0.215489,-0.342822
1.86482,-0.225844,-0.135282
1.87301,-0.233262,-0.0631489
1.88859,-0.239916,-0.0525098
1.91161,-0.257111,-0.0282873
1.81818,-0.248221,-0.357262
1.86031,-0.260229,-0.232443
1.8407,-0.260208,-0.404076
1.85861,-0.271543,-0.231613
1.90686,-0.276944,-0.242977
1.77737,-0.272752,-0.850695
1.91706,-0.292172,-0.0171421
1.84294,-0.287263,-0.433698
1.90839,-0.295242,-0.0269557
1.92521,-0.297125,-0.00179936
1.91786,-0.306179,0.0109626
1.91793,-0.308305,-0.0154808
1.9361,-0.310912,0.0195586
1.88192,-0.309733,-0.125013
1.86068,-0.314591,-0.391582
1.93037,-0.320802,0.0120971
1.88416,-0.319022,-0.38861
1.87028,-0.330867,-0.170329
1.8887,-0.332216,-0.11987
1.6251,-0.332625,-0.104406
1.92848,-0.345714,0.0221407
1.86243,-0.370905,-0.418562
1.9792,0.216687,-0.110795
1.92481,0.150974,0.102385
1.91129,0.152334,0.0671413
1.92515,0.134055,0.0993414
1.85054,0.190361,-0.169922
1.89135,0.158986,-0.0268515
1.87036,0.148988,-0.114737
1.81622,0.184247,-0.317534
1.91456,0.100443,0.0579763
1.82907,0.164577,-0.28181
1.8146,0.170598,-0.344605
1.90961,0.101396,-0.0188504
1.77517,0.207767,-0.591946
1.83128,0.131792,-0.199335
1.78122,0.210081,-0.675061
1.91102,0.0682774,0.0668509
1.78304,0.184672,-0.584433
1.80731,0.173762,-0.488897
1.79606,0.150345,-0.389652
1.7664,0.176969,-0.677727
1.91357,0.0395032,0.0934776
1.83615,0.0833113,-0.217803
1.90181,0.0503803,-0.0101988
1.77524,0.155383,-0.680799
1.78101,0.139778,-0.585205
1.93146,0.0177892,0.0656894
1.80918,0.0945058,-0.438169
1.88255,0.0217077,-0.0553279
1.90705,-0.0125511,0.096256
1.7971,0.0568964,-0.41218
1.88967,0.0500087,-0.429171
1.93227,-0.0308521,0.0879067
1.78426,0.0651142,-0.57296
1.82128,-0.00120466,-0.197669
1.7664,-0.0751272,0.304777
1.77517,0.060378,-0.780486
1.9256,-0.0518178,0.0220862
1.85973,-0.0133417,-0.37587
1.78323,0.00763091,-0.742543
1.813,0.0016221,-0.689844
1.74403,0.000502808,-0.809115
1.7998,-0.0291648,-0.602619
1.75068,-0.0205724,-0.789175
1.77051,-0.0401683,-0.790178
1.82187,-0.107873,-0.459412
1.80849,-0.130425,-0.422229
1.76283,-0.111667,-0.7716
1.80743,-0.12138,-0.661349
1.91714,-0.174536,0.0159395
1.81928,-0.159456,-0.421835
1.79583,-0.133071,-0.904298
1.77653,-0.147757,-0.743467
1.66711,-0.195756,-0.036002
1.7761,-0.154086,-0.910857
1.86679,-0.196755,-0.147292
1.83849,-0.204809,-0.000820978
1.88564,-0.20446,-0.0385795
1.91191,-0.209385,-0.000779263
1.90786,-0.218717,0.0635157
1.92847,-0.216763,0.0430595
1.815,-0.183462,-0.6249
1.81594,-0.189288,-0.532387
1.84354,-0.208415,-0.245106
1.89177,-0.236518,-0.060492
1.8852,-0.251652,-0.1099
1.90803,-0.255172,-0.0220457
1.82173,-0.248522,-0.363491
1.85462,-0.255664,-0.218462
1.88996,-0.269324,-0.0854046
1.8856,-0.276904,-0.186991
1.91819,-0.289667,-0.0129797
1.81265,-0.289973,-0.342939
1.85774,-0.297495,-0.621694
1.91511,-0.30771,0.0103786
1.88003,-0.311122,-0.119339
1.83661,-0.315421,-0.306281
1.87279,-0.323902,-0.175236
1.87728,-0.326753,-0.16966
1.88878,-0.328726,-0.11417
1.8389,-0.336317,-0.317162
2.11642,-0.35103,-0.55592
1.93092,-0.338733,0.0230496
1.83907,-0.368574,-0.358212
1.86734,-0.398013,-0.428045
1.94474,0.139527,0.027003
1.92302,0.0793345,-0.00889587
1.92893,-0.00904956,0.00322301
1.89117,-0.176954,0.0212215
1.93349,-0.212161,-0.0342799
1.90153,-0.31566,-0.241712
1.87364,-0.325825,-0.0837257
1.84585,-0.335818,-0.348967
1.94928,-0.42378,0.187403
1.90921,-0.490009,0.278981
1.8529,-0.483664,0.399444
1.91327,-0.237474,-0.0848503
1.92206,-0.30989,-0.023512
1.84932,-0.465154,0.37721
1.98638,0.231065,0.137171
1.72424,-0.333735,-0.457123
1.86774,-0.378941,-0.889917
1.79089,-0.112309,-0.869595
1.685,-0.154184,-0.303071
1.7972,-0.145565,-0.376166
1.77447,-0.141992,-0.80982
1.93819,-0.348075,0.039056
1.79158,-0.274077,-0.909227
1.94165,0.0276434,0.0377654
1.49652,-0.289954,0.463068
1.75122,-0.0213703,-0.832268
1.89812,0.115952,0.105444
1.83038,-0.366271,0.199321
1.901,-0.0185706,0.0752414
1.90346,-0.43025,0.280435

